Task Type,Algorithm,Peak Memory (MB),Energy (Joules)
Vision (CIFAR-10),FEDAVG,285.4,18.2
Vision (CIFAR-10),SCAFFOLD,295.8,19.5
Vision (CIFAR-10),MOON,290.0,19.0
Vision (CIFAR-10),FEDSAM,315.2,28.4
Vision (CIFAR-10),FEDCLUSTERING,288.6,18.5
Vision (CIFAR-10),FEDKD,180.0,15.5
Vision (CIFAR-10),FLGSS (Ours),89.2,11.5
Sensor (Intel/HAR),FEDAVG,112.5,9.8
Sensor (Intel/HAR),SCAFFOLD,121.3,10.7
Sensor (Intel/HAR),MOON,115.0,10.0
Sensor (Intel/HAR),FEDSAM,132.8,16.2
Sensor (Intel/HAR),FEDCLUSTERING,114.2,10.2
Sensor (Intel/HAR),FEDKD,85.0,8.2
Sensor (Intel/HAR),FLGSS (Ours),35.1,5.1
